Datetime,Water Level (m)
2025-03-23 18:00:00,0.24576554
2025-03-23 19:00:00,0.1926827
2025-03-23 20:00:00,0.064133756
2025-03-23 21:00:00,-0.07969666
2025-03-23 22:00:00,-0.21482496
2025-03-23 23:00:00,-0.3446479
2025-03-24 00:00:00,-0.45455226
2025-03-24 01:00:00,-0.53245753
2025-03-24 02:00:00,-0.5679684
2025-03-24 03:00:00,-0.53035337
2025-03-24 04:00:00,-0.45009208
2025-03-24 05:00:00,-0.37238866
2025-03-24 06:00:00,-0.30989394
2025-03-24 07:00:00,-0.2686647
2025-03-24 08:00:00,-0.28391096
2025-03-24 09:00:00,-0.336668
2025-03-24 10:00:00,-0.414897
2025-03-24 11:00:00,-0.5012494
2025-03-24 12:00:00,-0.5759696
2025-03-24 13:00:00,-0.59755284
2025-03-24 14:00:00,-0.50190294
2025-03-24 15:00:00,-0.37212333
2025-03-24 16:00:00,-0.24139939
2025-03-24 17:00:00,-0.10239853
2025-03-24 18:00:00,0.06415007
2025-03-24 19:00:00,0.21390969
2025-03-24 20:00:00,0.23550537
2025-03-24 21:00:00,0.1474819
2025-03-24 22:00:00,0.0060105505
2025-03-24 23:00:00,-0.14599738
2025-03-25 00:00:00,-0.3022332
2025-03-25 01:00:00,-0.45402297
2025-03-25 02:00:00,-0.5711746
2025-03-25 03:00:00,-0.63801897
2025-03-25 04:00:00,-0.5825959
2025-03-25 05:00:00,-0.43801174
2025-03-25 06:00:00,-0.29015097
2025-03-25 07:00:00,-0.1645252
2025-03-25 08:00:00,-0.04802104
2025-03-25 09:00:00,-0.03447105
2025-03-25 10:00:00,-0.11730272
2025-03-25 11:00:00,-0.23205306
2025-03-25 12:00:00,-0.3565866
2025-03-25 13:00:00,-0.47967026
2025-03-25 14:00:00,-0.5757638
2025-03-25 15:00:00,-0.55342406
2025-03-25 16:00:00,-0.35853022
2025-03-25 17:00:00,-0.16954838
2025-03-25 18:00:00,0.006203748
2025-03-25 19:00:00,0.19817422
2025-03-25 20:00:00,0.37685373
2025-03-25 21:00:00,0.41135263
2025-03-25 22:00:00,0.30561224
2025-03-25 23:00:00,0.14513218
2025-03-26 00:00:00,-0.027907519
2025-03-26 01:00:00,-0.20926622
2025-03-26 02:00:00,-0.3864273
2025-03-26 03:00:00,-0.52693385
2025-03-26 04:00:00,-0.59316874
2025-03-26 05:00:00,-0.4496105
2025-03-26 06:00:00,-0.24154758
2025-03-26 07:00:00,-0.041892678
2025-03-26 08:00:00,0.1341184
2025-03-26 09:00:00,0.27641886
2025-03-26 10:00:00,0.2542704
2025-03-26 11:00:00,0.14138493
2025-03-26 12:00:00,-0.008504566
2025-03-26 13:00:00,-0.16488871
2025-03-26 14:00:00,-0.33546895
2025-03-26 15:00:00,-0.48088142
2025-03-26 16:00:00,-0.49624643
2025-03-26 17:00:00,-0.27144566
2025-03-26 18:00:00,-0.043210313
2025-03-26 19:00:00,0.1755747
2025-03-26 20:00:00,0.40987542
2025-03-26 21:00:00,0.59679526
2025-03-26 22:00:00,0.61056656
2025-03-26 23:00:00,0.45956868
2025-03-27 00:00:00,0.27482328
2025-03-27 01:00:00,0.08056161
2025-03-27 02:00:00,-0.12692907
2025-03-27 03:00:00,-0.31593382
2025-03-27 04:00:00,-0.46271345
2025-03-27 05:00:00,-0.47931936
2025-03-27 06:00:00,-0.23780161
2025-03-27 07:00:00,0.032278053
2025-03-27 08:00:00,0.27373812
2025-03-27 09:00:00,0.50248235
2025-03-27 10:00:00,0.630533
2025-03-27 11:00:00,0.54335856
2025-03-27 12:00:00,0.3645434
2025-03-27 13:00:00,0.16854078
2025-03-27 14:00:00,-0.0418843
2025-03-27 15:00:00,-0.24044673
2025-03-27 16:00:00,-0.40038028
2025-03-27 17:00:00,-0.40448612
2025-03-27 18:00:00,-0.12645702
2025-03-27 19:00:00,0.16628592
2025-03-27 20:00:00,0.42560467
2025-03-27 21:00:00,0.6896413
2025-03-27 22:00:00,0.8494889
2025-03-27 23:00:00,0.77522093
2025-03-28 00:00:00,0.5872886
2025-03-28 01:00:00,0.3822914
2025-03-28 02:00:00,0.1631768
2025-03-28 03:00:00,-0.060188722
2025-03-28 04:00:00,-0.24542122
2025-03-28 05:00:00,-0.37448078
2025-03-28 06:00:00,-0.27845266
2025-03-28 07:00:00,0.027310228
2025-03-28 08:00:00,0.34735462
2025-03-28 09:00:00,0.6238815
2025-03-28 10:00:00,0.8664777
2025-03-28 11:00:00,0.8897846
2025-03-28 12:00:00,0.71439815
2025-03-28 13:00:00,0.49523887
2025-03-28 14:00:00,0.2766475
2025-03-28 15:00:00,0.04950262
2025-03-28 16:00:00,-0.15598273
2025-03-28 17:00:00,-0.30805168
2025-03-28 18:00:00,-0.24862646
2025-03-28 19:00:00,0.05846037
2025-03-28 20:00:00,0.37345836
2025-03-28 21:00:00,0.652008
2025-03-28 22:00:00,0.912452
2025-03-28 23:00:00,0.9731063
2025-03-29 00:00:00,0.81684124
2025-03-29 01:00:00,0.603172
2025-03-29 02:00:00,0.38669804
2025-03-29 03:00:00,0.15592088
2025-03-29 04:00:00,-0.06734097
2025-03-29 05:00:00,-0.24409223
2025-03-29 06:00:00,-0.36023292
2025-03-29 07:00:00,-0.17185965
2025-03-29 08:00:00,0.19230585
2025-03-29 09:00:00,0.52168816
2025-03-29 10:00:00,0.8043868
2025-03-29 11:00:00,1.003679
2025-03-29 12:00:00,0.9224442
2025-03-29 13:00:00,0.7175117
2025-03-29 14:00:00,0.49305236
2025-03-29 15:00:00,0.26053455
2025-03-29 16:00:00,0.027400097
2025-03-29 17:00:00,-0.17191102
2025-03-29 18:00:00,-0.31811818
